case_id,elapsed_hours_so_far,wait_before_reviewed_hours,resource_at_reviewed,hour_of_day_submitted,has_been_reworked_yet,events_seen_so_far,unique_activities_so_far,transition_count_so_far,activity_repetition_count,total_wait_hours_so_far,average_wait_hours_so_far,max_wait_hours_so_far,min_wait_hours_so_far,number_of_long_waits_so_far,time_since_previous_activity,hour_of_day_at_snapshot,day_of_week_submitted,day_of_week_at_snapshot,is_weekend_submitted,resource_at_submitted,total_cycle_hours,late
CASE-0001,4.1572,4.1572,5,11,0,2,2,1,0,4.1572,4.1572,4.1572,4.1572,1,4.1572,15,4,4,0,2,29.1717,0
CASE-0002,3.8692,3.8692,5,14,0,2,2,1,0,3.8692,3.8692,3.8692,3.8692,1,3.8692,18,0,0,0,5,32.6878,0
CASE-0003,4.9525,4.9525,5,12,0,2,2,1,0,4.9525,4.9525,4.9525,4.9525,1,4.9525,17,5,5,1,1,34.6453,0
CASE-0004,2.2697,2.2697,4,10,0,2,2,1,0,2.2697,2.2697,2.2697,2.2697,0,2.2697,12,0,0,0,1,37.2392,0
CASE-0005,1.9897,1.9897,3,9,0,2,2,1,0,1.9897,1.9897,1.9897,1.9897,0,1.9897,11,6,6,1,5,37.7347,0
CASE-0006,3.7711,3.7711,5,16,0,2,2,1,0,3.7711,3.7711,3.7711,3.7711,1,3.7711,20,1,1,0,0,46.1078,1
CASE-0007,1.3961,1.3961,5,14,0,2,2,1,0,1.3961,1.3961,1.3961,1.3961,0,1.3961,15,2,2,0,3,30.0114,0
CASE-0008,2.0111,2.0111,1,16,0,2,2,1,0,2.0111,2.0111,2.0111,2.0111,0,2.0111,18,2,2,0,1,38.1894,0
CASE-0009,4.9481,4.9481,2,8,0,2,2,1,0,4.9481,4.9481,4.9481,4.9481,1,4.9481,13,1,1,0,2,34.675,0
CASE-0010,4.13,4.13,5,9,0,2,2,1,0,4.13,4.13,4.13,4.13,1,4.13,13,1,1,0,4,36.4292,0
CASE-0011,4.3875,4.3875,1,11,0,2,2,1,0,4.3875,4.3875,4.3875,4.3875,1,4.3875,16,6,6,1,4,42.6794,0
CASE-0012,1.2558,1.2558,4,9,0,2,2,1,0,1.2558,1.2558,1.2558,1.2558,0,1.2558,10,0,0,0,1,34.0297,0
CASE-0013,4.4717,4.4717,4,11,0,2,2,1,0,4.4717,4.4717,4.4717,4.4717,1,4.4717,15,1,1,0,0,51.015,1
CASE-0014,1.6042,1.6042,2,14,0,2,2,1,0,1.6042,1.6042,1.6042,1.6042,0,1.6042,15,4,4,0,0,31.0575,0
CASE-0015,3.0111,3.0111,1,11,0,2,2,1,0,3.0111,3.0111,3.0111,3.0111,1,3.0111,14,0,0,0,4,31.9211,0
CASE-0016,4.3772,4.3772,1,8,0,2,2,1,0,4.3772,4.3772,4.3772,4.3772,1,4.3772,13,3,3,0,4,34.1178,0
CASE-0017,5.265,5.265,5,14,0,2,2,1,0,5.265,5.265,5.265,5.265,1,5.265,19,2,2,0,5,47.7675,1
CASE-0018,2.1297,2.1297,4,15,0,2,2,1,0,2.1297,2.1297,2.1297,2.1297,0,2.1297,17,4,4,0,4,27.5453,0
CASE-0019,2.3014,2.3014,0,9,0,2,2,1,0,2.3014,2.3014,2.3014,2.3014,0,2.3014,12,5,5,1,4,38.5069,0
CASE-0020,3.9814,3.9814,2,12,0,2,2,1,0,3.9814,3.9814,3.9814,3.9814,1,3.9814,16,1,1,0,5,34.6136,0
CASE-0021,5.0175,5.0175,4,15,0,2,2,1,0,5.0175,5.0175,5.0175,5.0175,1,5.0175,20,0,0,0,4,34.6136,0
CASE-0022,2.0642,2.0642,4,11,0,2,2,1,0,2.0642,2.0642,2.0642,2.0642,0,2.0642,13,0,0,0,2,39.9175,0
CASE-0023,2.5244,2.5244,0,9,0,2,2,1,0,2.5244,2.5244,2.5244,2.5244,0,2.5244,12,2,2,0,1,40.6736,0
CASE-0024,2.8275,2.8275,0,8,0,2,2,1,0,2.8275,2.8275,2.8275,2.8275,0,2.8275,10,1,1,0,5,45.7422,1
CASE-0025,4.6383,4.6383,4,10,0,2,2,1,0,4.6383,4.6383,4.6383,4.6383,1,4.6383,15,2,2,0,0,30.3664,0
CASE-0026,2.0481,2.0481,2,13,0,2,2,1,0,2.0481,2.0481,2.0481,2.0481,0,2.0481,15,0,0,0,5,43.3956,1
CASE-0027,5.3214,5.3214,1,11,0,2,2,1,0,5.3214,5.3214,5.3214,5.3214,1,5.3214,17,1,1,0,1,47.0625,1
CASE-0028,4.1994,4.1994,3,11,0,2,2,1,0,4.1994,4.1994,4.1994,4.1994,1,4.1994,15,4,4,0,1,44.4158,1
CASE-0029,2.2417,2.2417,1,12,0,2,2,1,0,2.2417,2.2417,2.2417,2.2417,0,2.2417,15,4,4,0,1,35.345,0
CASE-0030,5.2078,5.2078,2,16,0,2,2,1,0,5.2078,5.2078,5.2078,5.2078,1,5.2078,21,6,6,1,5,46.2569,1
CASE-0031,2.7992,2.7992,2,9,0,2,2,1,0,2.7992,2.7992,2.7992,2.7992,0,2.7992,12,1,1,0,3,34.6347,0
CASE-0032,1.49,1.49,4,8,0,2,2,1,0,1.49,1.49,1.49,1.49,0,1.49,10,1,1,0,3,39.7753,0
CASE-0033,3.8425,3.8425,0,9,0,2,2,1,0,3.8425,3.8425,3.8425,3.8425,1,3.8425,13,6,6,1,2,40.8414,0
CASE-0034,2.1172,2.1172,3,12,0,2,2,1,0,2.1172,2.1172,2.1172,2.1172,0,2.1172,14,5,5,1,1,39.7422,0
CASE-0035,2.2572,2.2572,4,8,0,2,2,1,0,2.2572,2.2572,2.2572,2.2572,0,2.2572,10,3,3,0,2,37.6742,0
CASE-0036,1.7119,1.7119,2,15,0,2,2,1,0,1.7119,1.7119,1.7119,1.7119,0,1.7119,17,2,2,0,5,43.0597,0
CASE-0037,4.8444,4.8444,1,9,0,2,2,1,0,4.8444,4.8444,4.8444,4.8444,1,4.8444,14,1,1,0,3,42.0767,0
CASE-0038,4.2303,4.2303,1,8,0,2,2,1,0,4.2303,4.2303,4.2303,4.2303,1,4.2303,13,1,1,0,0,43.8206,1
CASE-0039,4.5556,4.5556,4,9,0,2,2,1,0,4.5556,4.5556,4.5556,4.5556,1,4.5556,14,1,1,0,1,49.8969,1
CASE-0040,2.8669,2.8669,5,16,0,2,2,1,0,2.8669,2.8669,2.8669,2.8669,0,2.8669,19,5,5,1,4,44.7706,1
CASE-0041,2.1903,2.1903,0,16,0,2,2,1,0,2.1903,2.1903,2.1903,2.1903,0,2.1903,18,1,1,0,5,33.2481,0
CASE-0042,2.5567,2.5567,3,9,0,2,2,1,0,2.5567,2.5567,2.5567,2.5567,0,2.5567,11,6,6,1,3,27.1933,0
CASE-0043,2.5214,2.5214,2,8,0,2,2,1,0,2.5214,2.5214,2.5214,2.5214,0,2.5214,11,2,2,0,4,32.2297,0
CASE-0044,2.3417,2.3417,0,11,0,2,2,1,0,2.3417,2.3417,2.3417,2.3417,0,2.3417,13,4,4,0,1,35.0447,0
CASE-0045,5.2061,5.2061,0,15,0,2,2,1,0,5.2061,5.2061,5.2061,5.2061,1,5.2061,21,5,5,1,1,44.7017,1
CASE-0046,2.8167,2.8167,3,11,0,2,2,1,0,2.8167,2.8167,2.8167,2.8167,0,2.8167,14,3,3,0,2,30.9242,0
CASE-0047,1.93,1.93,5,16,0,2,2,1,0,1.93,1.93,1.93,1.93,0,1.93,17,0,0,0,2,24.5328,0
CASE-0048,3.9778,3.9778,1,11,0,2,2,1,0,3.9778,3.9778,3.9778,3.9778,1,3.9778,15,4,4,0,3,48.635,1
CASE-0049,4.8319,4.8319,3,12,0,2,2,1,0,4.8319,4.8319,4.8319,4.8319,1,4.8319,17,0,0,0,5,47.5631,1
CASE-0050,4.7178,4.7178,0,9,0,2,2,1,0,4.7178,4.7178,4.7178,4.7178,1,4.7178,14,0,0,0,2,42.3011,0
CASE-0051,5.1764,5.1764,3,15,0,2,2,1,0,5.1764,5.1764,5.1764,5.1764,1,5.1764,20,5,5,1,3,43.9744,1
CASE-0052,3.2928,3.2928,5,16,0,2,2,1,0,3.2928,3.2928,3.2928,3.2928,1,3.2928,20,1,1,0,3,52.5642,1
CASE-0053,1.8272,1.8272,2,8,0,2,2,1,0,1.8272,1.8272,1.8272,1.8272,0,1.8272,10,3,3,0,2,44.1814,1
CASE-0054,4.0956,4.0956,5,16,0,2,2,1,0,4.0956,4.0956,4.0956,4.0956,1,4.0956,20,1,1,0,1,35.8175,0
CASE-0055,3.5761,3.5761,4,11,0,2,2,1,0,3.5761,3.5761,3.5761,3.5761,1,3.5761,14,1,1,0,5,37.7961,0
CASE-0056,2.3053,2.3053,1,12,0,2,2,1,0,2.3053,2.3053,2.3053,2.3053,0,2.3053,14,0,0,0,2,34.1697,0
CASE-0057,2.4058,2.4058,4,11,0,2,2,1,0,2.4058,2.4058,2.4058,2.4058,0,2.4058,14,6,6,1,3,36.76,0
CASE-0058,1.5228,1.5228,0,8,0,2,2,1,0,1.5228,1.5228,1.5228,1.5228,0,1.5228,10,2,2,0,4,33.4936,0
CASE-0059,5.0142,5.0142,0,10,0,2,2,1,0,5.0142,5.0142,5.0142,5.0142,1,5.0142,15,3,3,0,2,43.2861,1
CASE-0060,4.8297,4.8297,1,10,0,2,2,1,0,4.8297,4.8297,4.8297,4.8297,1,4.8297,14,1,1,0,4,31.4406,0
CASE-0061,4.7839,4.7839,4,16,0,2,2,1,0,4.7839,4.7839,4.7839,4.7839,1,4.7839,21,0,0,0,3,48.5353,1
CASE-0062,2.0917,2.0917,1,11,0,2,2,1,0,2.0917,2.0917,2.0917,2.0917,0,2.0917,13,3,3,0,1,29.0153,0
CASE-0063,2.2925,2.2925,2,15,0,2,2,1,0,2.2925,2.2925,2.2925,2.2925,0,2.2925,17,1,1,0,0,40.8183,0
CASE-0064,3.5114,3.5114,1,11,0,2,2,1,0,3.5114,3.5114,3.5114,3.5114,1,3.5114,14,4,4,0,0,47.1997,1
CASE-0065,5.0372,5.0372,4,12,0,2,2,1,0,5.0372,5.0372,5.0372,5.0372,1,5.0372,17,0,0,0,3,36.3225,0
CASE-0066,2.2656,2.2656,4,12,0,2,2,1,0,2.2656,2.2656,2.2656,2.2656,0,2.2656,14,3,3,0,0,38.5936,0
CASE-0067,4.0892,4.0892,2,10,0,2,2,1,0,4.0892,4.0892,4.0892,4.0892,1,4.0892,14,3,3,0,4,31.8081,0
CASE-0068,2.3342,2.3342,1,13,0,2,2,1,0,2.3342,2.3342,2.3342,2.3342,0,2.3342,15,1,1,0,2,31.9497,0
CASE-0069,1.4856,1.4856,2,16,0,2,2,1,0,1.4856,1.4856,1.4856,1.4856,0,1.4856,17,5,5,1,3,29.0969,0
CASE-0070,1.4833,1.4833,2,16,0,2,2,1,0,1.4833,1.4833,1.4833,1.4833,0,1.4833,17,0,0,0,3,36.9708,0
CASE-0071,3.1189,3.1189,3,16,0,2,2,1,0,3.1189,3.1189,3.1189,3.1189,1,3.1189,19,1,1,0,2,30.4447,0
CASE-0072,2.7486,2.7486,0,16,0,2,2,1,0,2.7486,2.7486,2.7486,2.7486,0,2.7486,18,2,2,0,4,39.3386,0
CASE-0073,3.0175,3.0175,4,15,0,2,2,1,0,3.0175,3.0175,3.0175,3.0175,1,3.0175,18,0,0,0,1,38.2383,0
CASE-0074,2.2811,2.2811,4,16,0,2,2,1,0,2.2811,2.2811,2.2811,2.2811,0,2.2811,18,3,3,0,0,38.9242,0
CASE-0075,4.2514,4.2514,3,13,0,2,2,1,0,4.2514,4.2514,4.2514,4.2514,1,4.2514,17,1,1,0,4,48.3981,1
CASE-0076,1.5578,1.5578,3,11,0,2,2,1,0,1.5578,1.5578,1.5578,1.5578,0,1.5578,13,5,5,1,3,38.9733,0
CASE-0077,3.3089,3.3089,2,15,0,2,2,1,0,3.3089,3.3089,3.3089,3.3089,1,3.3089,18,4,4,0,1,43.0353,0
CASE-0078,4.9131,4.9131,3,10,0,2,2,1,0,4.9131,4.9131,4.9131,4.9131,1,4.9131,15,0,0,0,5,44.37,1
CASE-0079,4.6372,4.6372,2,13,0,2,2,1,0,4.6372,4.6372,4.6372,4.6372,1,4.6372,18,2,2,0,5,42.1461,0
CASE-0080,4.8003,4.8003,5,11,0,2,2,1,0,4.8003,4.8003,4.8003,4.8003,1,4.8003,16,2,2,0,5,35.1553,0
CASE-0081,1.8489,1.8489,3,13,0,2,2,1,0,1.8489,1.8489,1.8489,1.8489,0,1.8489,15,2,2,0,3,35.2972,0
CASE-0082,2.4464,2.4464,4,14,0,2,2,1,0,2.4464,2.4464,2.4464,2.4464,0,2.4464,17,6,6,1,5,31.9611,0
CASE-0083,5.1006,5.1006,5,9,0,2,2,1,0,5.1006,5.1006,5.1006,5.1006,1,5.1006,14,5,5,1,2,47.685,1
CASE-0084,2.7086,2.7086,4,15,0,2,2,1,0,2.7086,2.7086,2.7086,2.7086,0,2.7086,17,5,5,1,1,39.5564,0
CASE-0085,4.2194,4.2194,4,15,0,2,2,1,0,4.2194,4.2194,4.2194,4.2194,1,4.2194,20,1,1,0,2,42.2686,0
CASE-0086,4.9469,4.9469,0,10,0,2,2,1,0,4.9469,4.9469,4.9469,4.9469,1,4.9469,15,3,3,0,0,35.0606,0
CASE-0087,2.7619,2.7619,1,12,0,2,2,1,0,2.7619,2.7619,2.7619,2.7619,0,2.7619,15,2,2,0,5,42.5656,0
CASE-0088,5.0194,5.0194,5,10,0,2,2,1,0,5.0194,5.0194,5.0194,5.0194,1,5.0194,15,5,5,1,3,45.7506,1
CASE-0089,4.0967,4.0967,4,11,0,2,2,1,0,4.0967,4.0967,4.0967,4.0967,1,4.0967,16,3,3,0,5,33.1678,0
CASE-0090,3.9892,3.9892,3,13,0,2,2,1,0,3.9892,3.9892,3.9892,3.9892,1,3.9892,17,0,0,0,5,42.4875,0
CASE-0091,1.9186,1.9186,5,16,0,2,2,1,0,1.9186,1.9186,1.9186,1.9186,0,1.9186,18,0,0,0,4,41.3044,0
CASE-0092,5.0336,5.0336,0,8,0,2,2,1,0,5.0336,5.0336,5.0336,5.0336,1,5.0336,13,4,4,0,2,32.7508,0
CASE-0093,4.0356,4.0356,3,16,0,2,2,1,0,4.0356,4.0356,4.0356,4.0356,1,4.0356,20,2,2,0,4,41.53,0
CASE-0094,2.8953,2.8953,2,13,0,2,2,1,0,2.8953,2.8953,2.8953,2.8953,0,2.8953,16,1,1,0,3,28.7436,0
CASE-0095,5.3728,5.3728,3,14,0,2,2,1,0,5.3728,5.3728,5.3728,5.3728,1,5.3728,19,1,1,0,1,30.8642,0
CASE-0096,4.2478,4.2478,0,13,0,2,2,1,0,4.2478,4.2478,4.2478,4.2478,1,4.2478,17,4,4,0,1,44.9064,1
CASE-0097,1.4611,1.4611,1,10,0,2,2,1,0,1.4611,1.4611,1.4611,1.4611,0,1.4611,12,3,3,0,4,45.7392,1
CASE-0098,2.8494,2.8494,1,8,0,2,2,1,0,2.8494,2.8494,2.8494,2.8494,0,2.8494,10,6,6,1,0,36.7547,0
CASE-0099,1.4875,1.4875,2,16,0,2,2,1,0,1.4875,1.4875,1.4875,1.4875,0,1.4875,17,6,6,1,5,32.7089,0
CASE-0100,4.6058,4.6058,5,8,0,2,2,1,0,4.6058,4.6058,4.6058,4.6058,1,4.6058,12,2,2,0,3,28.4589,0
CASE-0101,2.4333,2.4333,4,10,0,2,2,1,0,2.4333,2.4333,2.4333,2.4333,0,2.4333,12,5,5,1,1,38.8122,0
CASE-0102,1.7633,1.7633,0,16,0,2,2,1,0,1.7633,1.7633,1.7633,1.7633,0,1.7633,18,0,0,0,3,42.2281,0
CASE-0103,2.3833,2.3833,2,9,0,2,2,1,0,2.3833,2.3833,2.3833,2.3833,0,2.3833,11,6,6,1,3,43.5069,1
CASE-0104,4.3717,4.3717,1,14,0,2,2,1,0,4.3717,4.3717,4.3717,4.3717,1,4.3717,18,2,2,0,5,39.3958,0
CASE-0105,4.9811,4.9811,5,13,0,2,2,1,0,4.9811,4.9811,4.9811,4.9811,1,4.9811,18,6,6,1,5,28.4597,0
CASE-0106,3.3786,3.3786,0,11,0,2,2,1,0,3.3786,3.3786,3.3786,3.3786,1,3.3786,14,2,2,0,5,32.2572,0
CASE-0107,5.3314,5.3314,4,14,0,2,2,1,0,5.3314,5.3314,5.3314,5.3314,1,5.3314,20,0,0,0,4,39.5244,0
CASE-0108,2.4931,2.4931,2,12,0,2,2,1,0,2.4931,2.4931,2.4931,2.4931,0,2.4931,14,5,5,1,1,42.8994,0
CASE-0109,3.9636,3.9636,0,14,0,2,2,1,0,3.9636,3.9636,3.9636,3.9636,1,3.9636,18,0,0,0,1,41.8319,0
CASE-0110,4.4072,4.4072,4,12,0,2,2,1,0,4.4072,4.4072,4.4072,4.4072,1,4.4072,17,4,4,0,2,28.0694,0
CASE-0111,3.8975,3.8975,4,9,0,2,2,1,0,3.8975,3.8975,3.8975,3.8975,1,3.8975,13,0,0,0,3,43.5811,1
CASE-0112,2.8975,2.8975,0,12,0,2,2,1,0,2.8975,2.8975,2.8975,2.8975,0,2.8975,14,0,0,0,1,37.5928,0
CASE-0113,2.2036,2.2036,5,14,0,2,2,1,0,2.2036,2.2036,2.2036,2.2036,0,2.2036,16,4,4,0,5,36.5322,0
CASE-0114,2.7206,2.7206,3,14,0,2,2,1,0,2.7206,2.7206,2.7206,2.7206,0,2.7206,17,4,4,0,5,27.8264,0
CASE-0115,4.4944,4.4944,3,13,0,2,2,1,0,4.4944,4.4944,4.4944,4.4944,1,4.4944,17,5,5,1,3,39.4456,0
CASE-0116,2.9042,2.9042,5,16,0,2,2,1,0,2.9042,2.9042,2.9042,2.9042,0,2.9042,19,2,2,0,2,41.0075,0
CASE-0117,1.8014,1.8014,5,10,0,2,2,1,0,1.8014,1.8014,1.8014,1.8014,0,1.8014,12,5,5,1,5,52.0917,1
CASE-0118,1.5064,1.5064,5,13,0,2,2,1,0,1.5064,1.5064,1.5064,1.5064,0,1.5064,14,6,6,1,3,29.1875,0
CASE-0119,1.6608,1.6608,2,15,0,2,2,1,0,1.6608,1.6608,1.6608,1.6608,0,1.6608,17,2,2,0,0,27.3719,0
CASE-0120,4.8167,4.8167,4,16,0,2,2,1,0,4.8167,4.8167,4.8167,4.8167,1,4.8167,21,0,0,0,5,45.95,1
CASE-0121,4.0636,4.0636,4,10,0,2,2,1,0,4.0636,4.0636,4.0636,4.0636,1,4.0636,14,6,6,1,1,37.2433,0
CASE-0122,1.5428,1.5428,5,13,0,2,2,1,0,1.5428,1.5428,1.5428,1.5428,0,1.5428,15,6,6,1,4,31.8342,0
CASE-0123,3.3975,3.3975,2,10,0,2,2,1,0,3.3975,3.3975,3.3975,3.3975,1,3.3975,13,1,1,0,0,33.6506,0
CASE-0124,2.9233,2.9233,2,9,0,2,2,1,0,2.9233,2.9233,2.9233,2.9233,0,2.9233,12,1,1,0,4,44.2361,1
CASE-0125,3.9483,3.9483,2,16,0,2,2,1,0,3.9483,3.9483,3.9483,3.9483,1,3.9483,20,1,1,0,5,29.4344,0
CASE-0126,1.7586,1.7586,0,11,0,2,2,1,0,1.7586,1.7586,1.7586,1.7586,0,1.7586,12,6,6,1,1,38.4836,0
CASE-0127,4.5008,4.5008,1,10,0,2,2,1,0,4.5008,4.5008,4.5008,4.5008,1,4.5008,15,5,5,1,5,41.7817,0
CASE-0128,4.2517,4.2517,4,12,0,2,2,1,0,4.2517,4.2517,4.2517,4.2517,1,4.2517,17,0,0,0,5,34.2511,0
CASE-0129,4.3789,4.3789,4,15,0,2,2,1,0,4.3789,4.3789,4.3789,4.3789,1,4.3789,19,0,0,0,2,37.1072,0
CASE-0130,3.2681,3.2681,5,15,0,2,2,1,0,3.2681,3.2681,3.2681,3.2681,1,3.2681,19,1,1,0,2,43.1761,0
CASE-0131,1.8058,1.8058,0,15,0,2,2,1,0,1.8058,1.8058,1.8058,1.8058,0,1.8058,17,1,1,0,4,45.8728,1
CASE-0132,2.6958,2.6958,0,8,0,2,2,1,0,2.6958,2.6958,2.6958,2.6958,0,2.6958,11,6,6,1,4,35.3506,0
CASE-0133,1.7003,1.7003,3,13,0,2,2,1,0,1.7003,1.7003,1.7003,1.7003,0,1.7003,15,6,6,1,1,38.8814,0
CASE-0134,1.9292,1.9292,4,9,0,2,2,1,0,1.9292,1.9292,1.9292,1.9292,0,1.9292,10,0,0,0,2,44.1433,1
CASE-0135,2.2869,2.2869,4,12,0,2,2,1,0,2.2869,2.2869,2.2869,2.2869,0,2.2869,14,0,0,0,0,34.8661,0
CASE-0136,2.165,2.165,4,11,0,2,2,1,0,2.165,2.165,2.165,2.165,0,2.165,13,2,2,0,1,42.7256,0
CASE-0137,2.8117,2.8117,0,16,0,2,2,1,0,2.8117,2.8117,2.8117,2.8117,0,2.8117,19,4,4,0,0,39.8811,0
CASE-0138,3.9128,3.9128,4,11,0,2,2,1,0,3.9128,3.9128,3.9128,3.9128,1,3.9128,15,4,4,0,5,40.2439,0
CASE-0139,3.225,3.225,3,10,0,2,2,1,0,3.225,3.225,3.225,3.225,1,3.225,14,5,5,1,5,37.9289,0
CASE-0140,4.6308,4.6308,0,12,0,2,2,1,0,4.6308,4.6308,4.6308,4.6308,1,4.6308,16,1,1,0,0,34.1192,0
CASE-0141,1.9475,1.9475,0,12,0,2,2,1,0,1.9475,1.9475,1.9475,1.9475,0,1.9475,13,1,1,0,5,51.2103,1
CASE-0142,2.8858,2.8858,4,15,0,2,2,1,0,2.8858,2.8858,2.8858,2.8858,0,2.8858,18,5,5,1,3,31.1683,0
CASE-0143,2.3181,2.3181,2,10,0,2,2,1,0,2.3181,2.3181,2.3181,2.3181,0,2.3181,12,5,5,1,2,45.3369,1
CASE-0144,5.42,5.42,0,14,0,2,2,1,0,5.42,5.42,5.42,5.42,1,5.42,19,5,5,1,5,30.1242,0
CASE-0145,4.7444,4.7444,3,10,0,2,2,1,0,4.7444,4.7444,4.7444,4.7444,1,4.7444,14,0,0,0,1,29.7711,0
CASE-0146,4.2161,4.2161,2,8,0,2,2,1,0,4.2161,4.2161,4.2161,4.2161,1,4.2161,12,5,5,1,1,35.6186,0
CASE-0147,2.0483,2.0483,0,13,0,2,2,1,0,2.0483,2.0483,2.0483,2.0483,0,2.0483,15,5,5,1,2,39.8431,0
CASE-0148,2.1747,2.1747,2,12,0,2,2,1,0,2.1747,2.1747,2.1747,2.1747,0,2.1747,14,1,1,0,3,38.245,0
CASE-0149,2.8136,2.8136,5,10,0,2,2,1,0,2.8136,2.8136,2.8136,2.8136,0,2.8136,13,0,0,0,5,46.3558,1
CASE-0150,3.085,3.085,1,10,0,2,2,1,0,3.085,3.085,3.085,3.085,1,3.085,13,1,1,0,2,40.4314,0
CASE-0151,1.9856,1.9856,0,15,0,2,2,1,0,1.9856,1.9856,1.9856,1.9856,0,1.9856,17,4,4,0,4,44.8692,1
CASE-0152,3.1358,3.1358,4,15,0,2,2,1,0,3.1358,3.1358,3.1358,3.1358,1,3.1358,18,2,2,0,5,39.2289,0
CASE-0153,2.2997,2.2997,2,9,0,2,2,1,0,2.2997,2.2997,2.2997,2.2997,0,2.2997,11,5,5,1,1,46.1678,1
CASE-0154,3.8233,3.8233,2,9,0,2,2,1,0,3.8233,3.8233,3.8233,3.8233,1,3.8233,13,6,6,1,1,29.8775,0
CASE-0155,3.9644,3.9644,4,10,0,2,2,1,0,3.9644,3.9644,3.9644,3.9644,1,3.9644,14,5,5,1,5,32.815,0
CASE-0156,2.1586,2.1586,4,8,0,2,2,1,0,2.1586,2.1586,2.1586,2.1586,0,2.1586,10,2,2,0,4,34.1492,0
CASE-0157,4.5686,4.5686,3,12,0,2,2,1,0,4.5686,4.5686,4.5686,4.5686,1,4.5686,17,2,2,0,1,32.0236,0
CASE-0158,3.5931,3.5931,5,15,0,2,2,1,0,3.5931,3.5931,3.5931,3.5931,1,3.5931,18,1,1,0,2,35.3978,0
CASE-0159,2.0169,2.0169,2,16,0,2,2,1,0,2.0169,2.0169,2.0169,2.0169,0,2.0169,18,2,2,0,2,32.7778,0
CASE-0160,4.7372,4.7372,4,14,0,2,2,1,0,4.7372,4.7372,4.7372,4.7372,1,4.7372,18,6,6,1,1,42.5194,0
CASE-0161,1.56,1.56,4,12,0,2,2,1,0,1.56,1.56,1.56,1.56,0,1.56,14,1,1,0,0,34.1714,0
CASE-0162,3.84,3.84,4,15,0,2,2,1,0,3.84,3.84,3.84,3.84,1,3.84,19,2,2,0,5,25.7225,0
CASE-0163,2.9022,2.9022,4,14,0,2,2,1,0,2.9022,2.9022,2.9022,2.9022,0,2.9022,17,4,4,0,0,28.6394,0
CASE-0164,3.7714,3.7714,1,16,0,2,2,1,0,3.7714,3.7714,3.7714,3.7714,1,3.7714,20,3,3,0,4,47.8194,1
CASE-0165,2.0628,2.0628,3,13,0,2,2,1,0,2.0628,2.0628,2.0628,2.0628,0,2.0628,15,2,2,0,1,33.7958,0
CASE-0166,4.6392,4.6392,2,15,0,2,2,1,0,4.6392,4.6392,4.6392,4.6392,1,4.6392,19,2,2,0,4,46.3217,1
CASE-0167,3.2958,3.2958,4,12,0,2,2,1,0,3.2958,3.2958,3.2958,3.2958,1,3.2958,15,5,5,1,2,36.2922,0
CASE-0168,2.6972,2.6972,5,9,0,2,2,1,0,2.6972,2.6972,2.6972,2.6972,0,2.6972,12,3,3,0,4,43.9936,1
CASE-0169,3.4172,3.4172,4,11,0,2,2,1,0,3.4172,3.4172,3.4172,3.4172,1,3.4172,15,4,4,0,0,38.2556,0
CASE-0170,2.9806,2.9806,1,9,0,2,2,1,0,2.9806,2.9806,2.9806,2.9806,0,2.9806,12,1,1,0,0,34.6639,0
CASE-0171,3.3581,3.3581,2,8,0,2,2,1,0,3.3581,3.3581,3.3581,3.3581,1,3.3581,12,6,6,1,1,46.5778,1
CASE-0172,2.8169,2.8169,5,16,0,2,2,1,0,2.8169,2.8169,2.8169,2.8169,0,2.8169,19,0,0,0,4,39.1561,0
CASE-0173,2.6939,2.6939,2,11,0,2,2,1,0,2.6939,2.6939,2.6939,2.6939,0,2.6939,13,2,2,0,4,43.1794,1
CASE-0174,4.7733,4.7733,1,16,0,2,2,1,0,4.7733,4.7733,4.7733,4.7733,1,4.7733,21,0,0,0,3,32.5319,0
CASE-0175,2.2892,2.2892,4,12,0,2,2,1,0,2.2892,2.2892,2.2892,2.2892,0,2.2892,15,6,6,1,3,43.3978,1
CASE-0176,3.0197,3.0197,3,11,0,2,2,1,0,3.0197,3.0197,3.0197,3.0197,1,3.0197,14,0,0,0,0,26.7347,0
CASE-0177,2.2978,2.2978,2,15,0,2,2,1,0,2.2978,2.2978,2.2978,2.2978,0,2.2978,17,6,6,1,5,45.7225,1
CASE-0178,4.7522,4.7522,3,10,0,2,2,1,0,4.7522,4.7522,4.7522,4.7522,1,4.7522,15,1,1,0,1,45.9267,1
CASE-0179,3.3217,3.3217,2,8,0,2,2,1,0,3.3217,3.3217,3.3217,3.3217,1,3.3217,11,0,0,0,2,32.9103,0
CASE-0180,1.8211,1.8211,2,16,0,2,2,1,0,1.8211,1.8211,1.8211,1.8211,0,1.8211,18,6,6,1,2,27.4167,0
CASE-0181,3.6711,3.6711,1,13,0,2,2,1,0,3.6711,3.6711,3.6711,3.6711,1,3.6711,17,2,2,0,2,32.6525,0
CASE-0182,3.7603,3.7603,1,13,0,2,2,1,0,3.7603,3.7603,3.7603,3.7603,1,3.7603,16,2,2,0,3,35.02,0
CASE-0183,3.6297,3.6297,0,12,0,2,2,1,0,3.6297,3.6297,3.6297,3.6297,1,3.6297,15,0,0,0,2,31.3394,0
CASE-0184,4.2275,4.2275,5,12,0,2,2,1,0,4.2275,4.2275,4.2275,4.2275,1,4.2275,16,0,0,0,3,45.2753,1
CASE-0185,3.4467,3.4467,4,13,0,2,2,1,0,3.4467,3.4467,3.4467,3.4467,1,3.4467,16,0,0,0,5,44.3175,1
CASE-0186,3.2958,3.2958,0,9,0,2,2,1,0,3.2958,3.2958,3.2958,3.2958,1,3.2958,12,6,6,1,3,39.2311,0
CASE-0187,4.1175,4.1175,0,9,0,2,2,1,0,4.1175,4.1175,4.1175,4.1175,1,4.1175,13,0,0,0,1,44.4456,1
CASE-0188,4.6489,4.6489,1,8,0,2,2,1,0,4.6489,4.6489,4.6489,4.6489,1,4.6489,13,2,2,0,2,38.6433,0
CASE-0189,1.3433,1.3433,1,9,0,2,2,1,0,1.3433,1.3433,1.3433,1.3433,0,1.3433,11,1,1,0,3,42.3694,0
CASE-0190,2.8525,2.8525,5,14,0,2,2,1,0,2.8525,2.8525,2.8525,2.8525,0,2.8525,17,4,4,0,3,53.5914,1
CASE-0191,3.9772,3.9772,3,8,0,2,2,1,0,3.9772,3.9772,3.9772,3.9772,1,3.9772,12,3,3,0,3,37.2225,0
CASE-0192,4.0786,4.0786,5,11,0,2,2,1,0,4.0786,4.0786,4.0786,4.0786,1,4.0786,16,1,1,0,5,34.8592,0
CASE-0193,4.1381,4.1381,0,8,0,2,2,1,0,4.1381,4.1381,4.1381,4.1381,1,4.1381,12,5,5,1,4,32.0886,0
CASE-0194,5.0906,5.0906,5,8,0,2,2,1,0,5.0906,5.0906,5.0906,5.0906,1,5.0906,13,3,3,0,4,43.6325,1
CASE-0195,3.5267,3.5267,5,12,0,2,2,1,0,3.5267,3.5267,3.5267,3.5267,1,3.5267,15,6,6,1,0,55.5131,1
CASE-0196,2.2828,2.2828,4,14,0,2,2,1,0,2.2828,2.2828,2.2828,2.2828,0,2.2828,16,3,3,0,1,34.7728,0
CASE-0197,3.7494,3.7494,3,15,0,2,2,1,0,3.7494,3.7494,3.7494,3.7494,1,3.7494,19,4,4,0,0,37.0333,0
CASE-0198,4.4217,4.4217,4,9,0,2,2,1,0,4.4217,4.4217,4.4217,4.4217,1,4.4217,14,6,6,1,3,41.4372,0
CASE-0199,2.1525,2.1525,4,8,0,2,2,1,0,2.1525,2.1525,2.1525,2.1525,0,2.1525,11,5,5,1,0,40.2894,0
CASE-0200,4.8981,4.8981,5,8,0,2,2,1,0,4.8981,4.8981,4.8981,4.8981,1,4.8981,13,2,2,0,1,49.2889,1
CASE-0201,4.3019,4.3019,3,11,0,2,2,1,0,4.3019,4.3019,4.3019,4.3019,1,4.3019,15,5,5,1,2,37.4711,0
CASE-0202,3.3111,3.3111,2,9,0,2,2,1,0,3.3111,3.3111,3.3111,3.3111,1,3.3111,13,0,0,0,5,44.7369,1
CASE-0203,3.5131,3.5131,4,10,0,2,2,1,0,3.5131,3.5131,3.5131,3.5131,1,3.5131,13,2,2,0,2,39.9647,0
CASE-0204,3.9683,3.9683,2,11,0,2,2,1,0,3.9683,3.9683,3.9683,3.9683,1,3.9683,15,4,4,0,4,34.7475,0
CASE-0205,4.2631,4.2631,1,15,0,2,2,1,0,4.2631,4.2631,4.2631,4.2631,1,4.2631,19,1,1,0,5,43.8703,1
CASE-0206,4.3894,4.3894,5,8,0,2,2,1,0,4.3894,4.3894,4.3894,4.3894,1,4.3894,12,2,2,0,0,27.2431,0
CASE-0207,3.2061,3.2061,0,10,0,2,2,1,0,3.2061,3.2061,3.2061,3.2061,1,3.2061,13,2,2,0,1,40.9139,0
CASE-0208,2.6453,2.6453,4,8,0,2,2,1,0,2.6453,2.6453,2.6453,2.6453,0,2.6453,11,0,0,0,4,38.8744,0
CASE-0209,1.4781,1.4781,4,14,0,2,2,1,0,1.4781,1.4781,1.4781,1.4781,0,1.4781,16,0,0,0,1,28.095,0
CASE-0210,5.0703,5.0703,4,14,0,2,2,1,0,5.0703,5.0703,5.0703,5.0703,1,5.0703,19,1,1,0,2,32.9344,0
CASE-0211,2.8003,2.8003,3,8,0,2,2,1,0,2.8003,2.8003,2.8003,2.8003,0,2.8003,10,6,6,1,3,25.8581,0
CASE-0212,5.0622,5.0622,0,13,0,2,2,1,0,5.0622,5.0622,5.0622,5.0622,1,5.0622,18,6,6,1,0,34.9244,0
CASE-0213,4.8972,4.8972,5,9,0,2,2,1,0,4.8972,4.8972,4.8972,4.8972,1,4.8972,14,1,1,0,2,27.2011,0
CASE-0214,2.4969,2.4969,1,14,0,2,2,1,0,2.4969,2.4969,2.4969,2.4969,0,2.4969,17,4,4,0,0,38.2722,0
CASE-0215,4.1631,4.1631,5,10,0,2,2,1,0,4.1631,4.1631,4.1631,4.1631,1,4.1631,14,5,5,1,5,44.49,1
CASE-0216,3.1456,3.1456,4,12,0,2,2,1,0,3.1456,3.1456,3.1456,3.1456,1,3.1456,15,0,0,0,3,46.2539,1
CASE-0217,3.8856,3.8856,2,12,0,2,2,1,0,3.8856,3.8856,3.8856,3.8856,1,3.8856,16,2,2,0,1,39.9389,0
CASE-0218,1.5658,1.5658,3,12,0,2,2,1,0,1.5658,1.5658,1.5658,1.5658,0,1.5658,13,3,3,0,1,34.4186,0
CASE-0219,4.5875,4.5875,3,9,0,2,2,1,0,4.5875,4.5875,4.5875,4.5875,1,4.5875,14,3,3,0,4,29.5511,0
CASE-0220,1.8781,1.8781,1,11,0,2,2,1,0,1.8781,1.8781,1.8781,1.8781,0,1.8781,13,0,0,0,4,27.8108,0
CASE-0221,2.97,2.97,2,12,0,2,2,1,0,2.97,2.97,2.97,2.97,0,2.97,15,6,6,1,2,31.9375,0
CASE-0222,2.7186,2.7186,3,15,0,2,2,1,0,2.7186,2.7186,2.7186,2.7186,0,2.7186,17,6,6,1,1,34.0625,0
CASE-0223,4.9633,4.9633,2,14,0,2,2,1,0,4.9633,4.9633,4.9633,4.9633,1,4.9633,19,3,3,0,5,33.8467,0
CASE-0224,4.2728,4.2728,3,14,0,2,2,1,0,4.2728,4.2728,4.2728,4.2728,1,4.2728,18,2,2,0,2,46.4814,1
CASE-0225,2.0825,2.0825,1,9,0,2,2,1,0,2.0825,2.0825,2.0825,2.0825,0,2.0825,12,4,4,0,4,41.0453,0
CASE-0226,4.3583,4.3583,3,15,0,2,2,1,0,4.3583,4.3583,4.3583,4.3583,1,4.3583,20,6,6,1,2,40.2292,0
CASE-0227,1.6125,1.6125,3,14,0,2,2,1,0,1.6125,1.6125,1.6125,1.6125,0,1.6125,16,4,4,0,3,38.6847,0
CASE-0228,4.2231,4.2231,4,16,0,2,2,1,0,4.2231,4.2231,4.2231,4.2231,1,4.2231,20,6,6,1,2,38.1369,0
CASE-0229,3.7506,3.7506,5,13,0,2,2,1,0,3.7506,3.7506,3.7506,3.7506,1,3.7506,16,0,0,0,5,42.5794,0
CASE-0230,3.3092,3.3092,4,9,0,2,2,1,0,3.3092,3.3092,3.3092,3.3092,1,3.3092,12,0,0,0,1,48.8464,1
CASE-0231,4.7153,4.7153,0,9,0,2,2,1,0,4.7153,4.7153,4.7153,4.7153,1,4.7153,14,1,1,0,3,44.285,1
CASE-0232,2.4431,2.4431,3,11,0,2,2,1,0,2.4431,2.4431,2.4431,2.4431,0,2.4431,13,4,4,0,3,38.4017,0
CASE-0233,3.9417,3.9417,1,8,0,2,2,1,0,3.9417,3.9417,3.9417,3.9417,1,3.9417,12,3,3,0,2,41.3558,0
CASE-0234,2.7283,2.7283,5,10,0,2,2,1,0,2.7283,2.7283,2.7283,2.7283,0,2.7283,13,5,5,1,5,38.6794,0
CASE-0235,4.4258,4.4258,0,11,0,2,2,1,0,4.4258,4.4258,4.4258,4.4258,1,4.4258,15,1,1,0,2,38.3039,0
CASE-0236,4.7169,4.7169,5,9,0,2,2,1,0,4.7169,4.7169,4.7169,4.7169,1,4.7169,13,0,0,0,5,39.1039,0
CASE-0237,3.7106,3.7106,1,12,0,2,2,1,0,3.7106,3.7106,3.7106,3.7106,1,3.7106,16,4,4,0,4,31.7419,0
CASE-0238,3.6856,3.6856,3,16,0,2,2,1,0,3.6856,3.6856,3.6856,3.6856,1,3.6856,20,4,4,0,3,36.0292,0
CASE-0239,3.025,3.025,1,10,0,2,2,1,0,3.025,3.025,3.025,3.025,1,3.025,13,1,1,0,1,30.9478,0
CASE-0240,5.1219,5.1219,5,10,0,2,2,1,0,5.1219,5.1219,5.1219,5.1219,1,5.1219,15,1,1,0,3,38.4672,0
CASE-0241,1.5233,1.5233,1,10,0,2,2,1,0,1.5233,1.5233,1.5233,1.5233,0,1.5233,11,1,1,0,4,30.7322,0
CASE-0242,1.5028,1.5028,2,15,0,2,2,1,0,1.5028,1.5028,1.5028,1.5028,0,1.5028,17,4,4,0,4,41.0064,0
CASE-0243,5.0089,5.0089,5,15,0,2,2,1,0,5.0089,5.0089,5.0089,5.0089,1,5.0089,20,3,3,0,1,44.2178,1
CASE-0244,2.8061,2.8061,1,13,0,2,2,1,0,2.8061,2.8061,2.8061,2.8061,0,2.8061,16,1,1,0,0,31.5936,0
CASE-0245,1.6567,1.6567,1,14,0,2,2,1,0,1.6567,1.6567,1.6567,1.6567,0,1.6567,15,5,5,1,4,41.5114,0
CASE-0246,2.2906,2.2906,4,13,0,2,2,1,0,2.2906,2.2906,2.2906,2.2906,0,2.2906,16,5,5,1,2,44.2928,1
CASE-0247,1.9575,1.9575,1,8,0,2,2,1,0,1.9575,1.9575,1.9575,1.9575,0,1.9575,10,1,1,0,5,32.0317,0
CASE-0248,3.8628,3.8628,3,15,0,2,2,1,0,3.8628,3.8628,3.8628,3.8628,1,3.8628,19,5,5,1,4,35.9781,0
CASE-0249,4.2453,4.2453,2,16,0,2,2,1,0,4.2453,4.2453,4.2453,4.2453,1,4.2453,21,5,5,1,2,37.3669,0
CASE-0250,4.2389,4.2389,0,15,0,2,2,1,0,4.2389,4.2389,4.2389,4.2389,1,4.2389,19,2,2,0,5,45.6583,1
CASE-0251,2.6508,2.6508,1,12,0,2,2,1,0,2.6508,2.6508,2.6508,2.6508,0,2.6508,14,1,1,0,2,39.2003,0
CASE-0252,1.5483,1.5483,1,9,0,2,2,1,0,1.5483,1.5483,1.5483,1.5483,0,1.5483,11,1,1,0,3,32.55,0
CASE-0253,1.5567,1.5567,2,12,0,2,2,1,0,1.5567,1.5567,1.5567,1.5567,0,1.5567,13,0,0,0,2,25.4169,0
CASE-0254,1.4147,1.4147,0,11,0,2,2,1,0,1.4147,1.4147,1.4147,1.4147,0,1.4147,12,2,2,0,5,29.3578,0
CASE-0255,2.4242,2.4242,3,8,0,2,2,1,0,2.4242,2.4242,2.4242,2.4242,0,2.4242,10,0,0,0,5,38.5039,0
CASE-0256,2.62,2.62,1,9,0,2,2,1,0,2.62,2.62,2.62,2.62,0,2.62,11,4,4,0,2,34.6242,0
CASE-0257,3.5244,3.5244,3,16,0,2,2,1,0,3.5244,3.5244,3.5244,3.5244,1,3.5244,20,2,2,0,0,35.1247,0
CASE-0258,1.3967,1.3967,1,15,0,2,2,1,0,1.3967,1.3967,1.3967,1.3967,0,1.3967,17,5,5,1,1,39.7817,0
CASE-0259,3.695,3.695,4,10,0,2,2,1,0,3.695,3.695,3.695,3.695,1,3.695,13,3,3,0,2,35.7119,0
CASE-0260,2.9003,2.9003,0,16,0,2,2,1,0,2.9003,2.9003,2.9003,2.9003,0,2.9003,19,5,5,1,5,42.0225,0
CASE-0261,5.4308,5.4308,2,9,0,2,2,1,0,5.4308,5.4308,5.4308,5.4308,1,5.4308,14,1,1,0,0,31.4872,0
CASE-0262,1.1,1.1,0,15,0,2,2,1,0,1.1,1.1,1.1,1.1,0,1.1,16,5,5,1,0,31.355,0
CASE-0263,2.8942,2.8942,0,16,0,2,2,1,0,2.8942,2.8942,2.8942,2.8942,0,2.8942,19,2,2,0,3,37.6322,0
CASE-0264,4.9639,4.9639,4,16,0,2,2,1,0,4.9639,4.9639,4.9639,4.9639,1,4.9639,21,2,2,0,1,36.185,0
CASE-0265,3.2497,3.2497,1,9,0,2,2,1,0,3.2497,3.2497,3.2497,3.2497,1,3.2497,12,6,6,1,5,26.2219,0
CASE-0266,3.7153,3.7153,0,12,0,2,2,1,0,3.7153,3.7153,3.7153,3.7153,1,3.7153,16,1,1,0,5,25.3308,0
CASE-0267,2.2203,2.2203,1,16,0,2,2,1,0,2.2203,2.2203,2.2203,2.2203,0,2.2203,19,2,2,0,5,41.6475,0
CASE-0268,1.6219,1.6219,4,14,0,2,2,1,0,1.6219,1.6219,1.6219,1.6219,0,1.6219,15,3,3,0,4,37.4825,0
CASE-0269,2.0703,2.0703,4,10,0,2,2,1,0,2.0703,2.0703,2.0703,2.0703,0,2.0703,12,6,6,1,1,39.5658,0
CASE-0270,3.0869,3.0869,1,8,0,2,2,1,0,3.0869,3.0869,3.0869,3.0869,1,3.0869,11,6,6,1,0,30.8608,0
CASE-0271,2.4761,2.4761,5,14,0,2,2,1,0,2.4761,2.4761,2.4761,2.4761,0,2.4761,16,2,2,0,2,32.6444,0
CASE-0272,4.2339,4.2339,3,8,0,2,2,1,0,4.2339,4.2339,4.2339,4.2339,1,4.2339,12,0,0,0,1,30.0897,0
CASE-0273,2.6256,2.6256,4,16,0,2,2,1,0,2.6256,2.6256,2.6256,2.6256,0,2.6256,19,2,2,0,0,40.8528,0
CASE-0274,4.1583,4.1583,1,11,0,2,2,1,0,4.1583,4.1583,4.1583,4.1583,1,4.1583,15,1,1,0,4,26.6181,0
CASE-0275,4.2356,4.2356,5,8,0,2,2,1,0,4.2356,4.2356,4.2356,4.2356,1,4.2356,12,5,5,1,0,45.1675,1
CASE-0276,3.1189,3.1189,2,11,0,2,2,1,0,3.1189,3.1189,3.1189,3.1189,1,3.1189,15,1,1,0,4,36.2611,0
CASE-0277,3.4878,3.4878,5,14,0,2,2,1,0,3.4878,3.4878,3.4878,3.4878,1,3.4878,17,6,6,1,4,45.0994,1
CASE-0278,2.1211,2.1211,1,13,0,2,2,1,0,2.1211,2.1211,2.1211,2.1211,0,2.1211,15,1,1,0,3,26.7292,0
CASE-0279,1.6661,1.6661,1,15,0,2,2,1,0,1.6661,1.6661,1.6661,1.6661,0,1.6661,16,0,0,0,3,35.3811,0
CASE-0280,3.8042,3.8042,1,12,0,2,2,1,0,3.8042,3.8042,3.8042,3.8042,1,3.8042,16,4,4,0,5,40.3661,0
CASE-0281,3.5069,3.5069,1,14,0,2,2,1,0,3.5069,3.5069,3.5069,3.5069,1,3.5069,18,0,0,0,3,26.9539,0
CASE-0282,2.8222,2.8222,5,11,0,2,2,1,0,2.8222,2.8222,2.8222,2.8222,0,2.8222,14,4,4,0,3,29.5061,0
CASE-0283,2.8403,2.8403,0,11,0,2,2,1,0,2.8403,2.8403,2.8403,2.8403,0,2.8403,14,2,2,0,5,34.4961,0
CASE-0284,2.8897,2.8897,1,8,0,2,2,1,0,2.8897,2.8897,2.8897,2.8897,0,2.8897,11,1,1,0,5,44.04,1
CASE-0285,3.4622,3.4622,4,11,0,2,2,1,0,3.4622,3.4622,3.4622,3.4622,1,3.4622,15,5,5,1,2,35.8247,0
CASE-0286,5.2594,5.2594,0,16,0,2,2,1,0,5.2594,5.2594,5.2594,5.2594,1,5.2594,21,6,6,1,5,48.1842,1
CASE-0287,2.0817,2.0817,2,16,0,2,2,1,0,2.0817,2.0817,2.0817,2.0817,0,2.0817,18,4,4,0,3,35.5083,0
CASE-0288,2.1081,2.1081,2,11,0,2,2,1,0,2.1081,2.1081,2.1081,2.1081,0,2.1081,13,4,4,0,0,42.1661,0
CASE-0289,4.5914,4.5914,2,11,0,2,2,1,0,4.5914,4.5914,4.5914,4.5914,1,4.5914,16,5,5,1,2,47.1733,1
CASE-0290,4.7633,4.7633,3,10,0,2,2,1,0,4.7633,4.7633,4.7633,4.7633,1,4.7633,15,4,4,0,1,36.8578,0
CASE-0291,3.0786,3.0786,4,11,0,2,2,1,0,3.0786,3.0786,3.0786,3.0786,1,3.0786,14,5,5,1,4,31.5256,0
CASE-0292,3.8853,3.8853,0,8,0,2,2,1,0,3.8853,3.8853,3.8853,3.8853,1,3.8853,12,1,1,0,4,46.2906,1
CASE-0293,2.5128,2.5128,1,14,0,2,2,1,0,2.5128,2.5128,2.5128,2.5128,0,2.5128,17,2,2,0,0,47.0806,1
CASE-0294,5.2414,5.2414,4,13,0,2,2,1,0,5.2414,5.2414,5.2414,5.2414,1,5.2414,18,6,6,1,5,44.5372,1
CASE-0295,4.4153,4.4153,5,12,0,2,2,1,0,4.4153,4.4153,4.4153,4.4153,1,4.4153,16,2,2,0,1,45.0353,1
CASE-0296,1.6664,1.6664,1,11,0,2,2,1,0,1.6664,1.6664,1.6664,1.6664,0,1.6664,13,1,1,0,4,44.4386,1
CASE-0297,2.1775,2.1775,5,13,0,2,2,1,0,2.1775,2.1775,2.1775,2.1775,0,2.1775,15,2,2,0,0,27.565,0
CASE-0298,3.1722,3.1722,2,14,0,2,2,1,0,3.1722,3.1722,3.1722,3.1722,1,3.1722,17,0,0,0,3,38.5975,0
CASE-0299,1.7447,1.7447,0,11,0,2,2,1,0,1.7447,1.7447,1.7447,1.7447,0,1.7447,12,3,3,0,3,32.6494,0
CASE-0300,1.8,1.8,0,14,0,2,2,1,0,1.8,1.8,1.8,1.8,0,1.8,15,5,5,1,5,32.9103,0
